<?xml version="1.0" encoding="UTF-8"?>
<project-private xmlns="http://www.netbeans.org/ns/project-private/1">
    <editor-bookmarks xmlns="http://www.netbeans.org/ns/editor-bookmarks/2" lastBookmarkId="0"/>
    <open-files xmlns="http://www.netbeans.org/ns/projectui-open-files/2">
        <group>
            <file>file:/C:/Users/Luiz%20Felipe/Documents/NetBeansProjects/PrimeiroProjeto/gulpfile.js</file>
            <file>file:/C:/Users/Luiz%20Felipe/Documents/NetBeansProjects/PrimeiroProjeto/public_html/index.html</file>
            <file>file:/C:/Users/Luiz%20Felipe/Documents/NetBeansProjects/PrimeiroProjeto/public_html/estilos.css/estilo.css</file>
            <file>file:/C:/Users/Luiz%20Felipe/Documents/NetBeansProjects/PrimeiroProjeto/package.json</file>
            <file>file:/C:/Users/Luiz%20Felipe/Documents/NetBeansProjects/PrimeiroProjeto/.bowerrc</file>
            <file>file:/C:/Users/Luiz%20Felipe/Documents/NetBeansProjects/PrimeiroProjeto/Gruntfile.js</file>
            <file>file:/C:/Users/Luiz%20Felipe/Documents/NetBeansProjects/PrimeiroProjeto/bower.json</file>
        </group>
    </open-files>
</project-private>
